dataset,experiment,test_acc_mean,test_acc_std,test_acc_count,test_macro_f1_mean,test_macro_f1_std,test_macro_f1_count,test_precision_mean,test_precision_std,test_precision_count,test_recall_mean,test_recall_std,test_recall_count,best_val_f1_mean,best_val_f1_std,best_val_f1_count,params_mean,params_std,params_count,trainable_params_mean,trainable_params_std,trainable_params_count,flops_mean,flops_std,flops_count,inference_ms_per_sample_mean,inference_ms_per_sample_std,inference_ms_per_sample_count,total_train_time_sec_mean,total_train_time_sec_std,total_train_time_sec_count,rank_by_macro_f1
Coffee,cnn1d,0.6547619047619048,0.14869042853329517,3,0.5564082373426426,0.24132441932735352,3,0.6298840048840049,0.3143261938106917,3,0.635042735042735,0.17164810671835448,3,0.6527777777777778,0.33420026154211013,3,6626.0,0.0,3,6626.0,0.0,3,1006912.0,0.0,3,2.1963099206348016,0.017087285905778002,3,4.493968963623047,0.41080346405782703,3,1
ECG200,rp_lightcnn,0.7066666666666667,0.07023769168568493,3,0.597940629366951,0.19442679232525506,3,0.59375,0.2421614905388551,3,0.6432291666666666,0.15265195655441816,3,0.7197945845004668,0.2668573120588618,3,28802.0,0.0,3,28802.0,0.0,3,6979968.0,0.0,3,0.8816769744445688,0.031410466965414434,3,8.38776961962382,0.9649195816622939,3,1
FordA,stft_lightcnn,0.9699494949494949,0.004373865675678995,3,0.9699335722640535,0.004378598495202445,3,0.9698509380981496,0.004367985038273386,3,0.9702166334604133,0.004436384925978105,3,0.9634545959760854,0.013194778666318567,3,28802.0,0.0,3,28802.0,0.0,3,6979968.0,0.0,3,0.15933112003367814,0.004469853116478733,3,29.66899538040161,0.3473422271210194,3,1
GunPoint,cnn1d,0.6111111111111112,0.09100264546419229,3,0.5342460762834542,0.17144431052265985,3,0.5772461060469191,0.2844528070960408,3,0.6064485538169748,0.09266758226546193,3,0.557997557997558,0.19456492588075305,3,6626.0,0.0,3,6626.0,0.0,3,528192.0,0.0,3,0.4926183666667485,0.009258422683262851,3,4.870738347371419,0.08961461165602934,3,1
Wafer,manual_feature_concat,0.9956197274497081,0.002194638101633431,3,0.9884204328526747,0.005946520348122541,3,0.9947003450438187,0.002808824068552073,3,0.9825633824514003,0.01351372145339988,3,1.0,0.0,3,114050.0,0.0,3,114050.0,0.0,3,27919104.0,0.0,3,0.22722067248900243,0.026486371468585585,3,23.91725746790568,0.5631897441024946,3,1
