dataset,alpha_GAF,alpha_MTF,alpha_RP,alpha_STFT,dominant_fusion_representation
Coffee,0.2656923731168111,0.23684530953566232,0.2442575842142105,0.25320471823215485,GAF
ECG200,0.09372934445855208,0.07643721454466383,0.7133188347021738,0.11651464348930556,RP
FordA,0.0015239187826712926,0.34028537074724835,0.6310701767603556,0.02712064205358426,RP
GunPoint,0.25910500188668567,0.23360075056552887,0.26219721138477325,0.24509713550408682,RP
Wafer,2.108267381117912e-06,0.9999990463256836,2.366517009022573e-06,1.7331339421389202e-06,MTF
