dataset,alpha_GAF_mean,alpha_GAF_std,alpha_MTF_mean,alpha_MTF_std,alpha_RP_mean,alpha_RP_std,alpha_STFT_mean,alpha_STFT_std
Coffee,0.2656923731168111,0.011447050087039135,0.23684530953566232,0.007125020446416026,0.2442575842142105,0.006378599406010785,0.25320471823215485,0.006223498368222013
ECG200,0.09372934445855208,0.15203813786370307,0.07643721454466383,0.12898364938116083,0.7133188347021738,0.42100122865910755,0.11651464348930556,0.14259863764021433
FordA,0.0015239187826712926,0.0005683030539968564,0.34028537074724835,0.026473312758723205,0.6310701767603556,0.04469048430750269,0.02712064205358426,0.03904275259816135
GunPoint,0.25910500188668567,0.016947112038928562,0.23360075056552887,0.018926787685265727,0.26219721138477325,0.0383584835323934,0.24509713550408682,0.007575949980830522
Wafer,2.108267381117912e-06,2.463033488583502e-06,0.9999990463256836,8.19428389362545e-07,2.366517009022573e-06,3.1952335573157336e-06,1.7331339421389202e-06,1.4082472346155259e-06
